{"cameraMode":{"drawMode":0,"name":"Shaded","section":"Shading Mode"},"sceneLighting":false,"audioPlay":false,"sceneViewState":{"showFog":true,"showMaterialUpdate":false,"showSkybox":true,"showFlares":true,"showImageEffects":true,"showParticleSystems":true},"in2DMode":false,"pivot":{"x":0.20674164593219758,"y":-0.07372375577688217,"z":1.3766719102859498},"rotation":{"x":-0.015271845273673535,"y":-0.06983774155378342,"z":0.0010694126831367612,"w":-0.9974427819252014},"size":2.3882927894592287,"orthographic":false}